{
  "excel_data": [
    0,
    1,
    2,
    3,
    4,
    5,
    6,
    7,
    8,
    9,
    10,
    11,
    12,
    13,
    14,
    15,
    16,
    17,
    18,
    19,
    20,
    21,
    22,
    23,
    24,
    25,
    26,
    27,
    28,
    29,
    30,
    31,
    32,
    33,
    34,
    35,
    36,
    26,
    33,
    21,
    35,
    19,
    10,
    34,
    29,
    30,
    31,
    23,
    36,
    28,
    27,
    20,
    32,
    24,
    25,
    22,
    15,
    1,
    4,
    9,
    8,
    5,
    2,
    3,
    6,
    7,
    18,
    11,
    14,
    0,
    16,
    17,
    12,
    13,
    2,
    1,
    3,
    2,
    4,
    7,
    4,
    1,
    3,
    0,
    4,
    1,
    4,
    5,
    4,
    4,
    4,
    1,
    4,
    4,
    4,
    5,
    2,
    4,
    4,
    4,
    4,
    1,
    4,
    7,
    3,
    1,
    3,
    2,
    1,
    3,
    5,
    32,
    20,
    25,
    26,
    21,
    24,
    27,
    28,
    23,
    22,
    5,
    30,
    35,
    36,
    31,
    19,
    33,
    34,
    29,
    4,
    14,
    2,
    18,
    10,
    16,
    17,
    0,
    13,
    12,
    7,
    8,
    9,
    15,
    1,
    6,
    3,
    11,
    5,
    6,
    2,
    3,
    5,
    3,
    3,
    6,
    4,
    5,
    3,
    3,
    3,
    2,
    6,
    6,
    3,
    1,
    8,
    7,
    1,
    1,
    5,
    2,
    6,
    3,
    2,
    3,
    3,
    9,
    2,
    5,
    3,
    1,
    2,
    2,
    3,
    7,
    7,
    5,
    5,
    9,
    10,
    7,
    7,
    7,
    5,
    7,
    4,
    7,
    7,
    10,
    10,
    7,
    2,
    12,
    11,
    5,
    6,
    7,
    6,
    10,
    7,
    6,
    4,
    7,
    16,
    5,
    6,
    6,
    3,
    3,
    5,
    8
  ],
  "connections_table": {
    "1": [
      28,
      20,
      3,
      12,
      13,
      5,
      7,
      19,
      30
    ],
    "2": [
      15,
      22,
      36,
      5,
      12,
      17,
      32
    ],
    "4": [
      8,
      22,
      25,
      18,
      23,
      0,
      15,
      16,
      27,
      35
    ],
    "5": [
      5,
      1,
      18,
      35,
      2,
      6,
      7,
      8,
      9,
      12,
      19,
      23,
      25,
      27,
      32
    ],
    "9": [
      18,
      5,
      35,
      32,
      33,
      8,
      13,
      20,
      24,
      26,
      27,
      31
    ],
    "10": [
      8,
      36,
      25,
      28,
      11,
      14,
      24,
      31,
      33,
      13,
      7
    ],
    "11": [
      3,
      20,
      18,
      22,
      27,
      7,
      10,
      28,
      31,
      33,
      14
    ],
    "13": [
      8,
      18,
      9,
      12,
      3,
      1,
      16,
      10,
      29
    ],
    "14": [
      17,
      31,
      3,
      29,
      10,
      26,
      30,
      35,
      11,
      7
    ],
    "15": [
      22,
      4,
      8,
      19,
      3,
      17,
      35,
      12
    ],
    "16": [
      25,
      4,
      30,
      31,
      13,
      24
    ],
    "17": [
      15,
      17,
      14,
      2,
      20,
      29,
      32,
      27,
      7,
      31,
      33,
      35
    ],
    "18": [
      33,
      25,
      4,
      34,
      29,
      3,
      5,
      9,
      11,
      12,
      13,
      23,
      35
    ],
    "19": [
      6,
      5,
      1,
      3,
      20,
      12,
      15,
      32
    ],
    "20": [
      25,
      9,
      19,
      7,
      6,
      1,
      11,
      17,
      29,
      36,
      26
    ],
    "21": [
      8,
      7,
      22,
      11,
      27,
      3,
      35
    ],
    "22": [
      3,
      23,
      0,
      28,
      25,
      2,
      4,
      11,
      15,
      21,
      27,
      34,
      33
    ],
    "23": [
      18,
      25,
      5,
      3,
      23,
      0,
      4,
      22,
      28,
      34
    ],
    "24": [
      10,
      25,
      16,
      30,
      9,
      6,
      36,
      8
    ],
    "25": [
      23,
      5,
      22,
      28,
      27,
      4,
      6,
      10,
      16,
      18,
      20,
      24,
      34
    ],
    "26": [
      31,
      30,
      6,
      14,
      9,
      33,
      20
    ],
    "27": [
      4,
      9,
      33,
      5,
      22,
      0,
      11,
      21,
      25,
      7,
      17
    ],
    "28": [
      30,
      1,
      11,
      23,
      28,
      7,
      8,
      10,
      22,
      25,
      33,
      34
    ],
    "29": [
      7,
      3,
      18,
      20,
      17,
      14,
      33,
      34,
      13
    ],
    "31": [
      10,
      9,
      11,
      0,
      36,
      14,
      16,
      26
    ],
    "32": [
      5,
      19,
      2,
      36,
      17,
      3,
      9
    ],
    "33": [
      25,
      28,
      29,
      26,
      10,
      9,
      18,
      27,
      30,
      34,
      36,
      22
    ],
    "34": [
      18,
      28,
      29,
      22,
      33,
      23,
      25,
      8
    ],
    "35": [
      14,
      21,
      18,
      30,
      4,
      5,
      9,
      15,
      8,
      6,
      3
    ],
    "36": [
      33,
      24,
      36,
      7,
      20,
      2,
      10,
      12,
      31,
      32,
      8
    ],
    "0": [
      3,
      4,
      27,
      7,
      23,
      6,
      22,
      31
    ],
    "30": [
      33,
      14,
      24,
      12,
      1,
      3,
      16,
      26,
      28,
      35
    ],
    "12": [
      18,
      19,
      36,
      8,
      5,
      7,
      1,
      2,
      13,
      30,
      21,
      15
    ],
    "3": [
      23,
      18,
      21,
      1,
      32,
      30,
      0,
      8,
      11,
      13,
      14,
      15,
      19,
      22,
      29,
      35
    ],
    "6": [
      19,
      5,
      25,
      24,
      0,
      35,
      20,
      26,
      33
    ],
    "7": [
      5,
      20,
      11,
      1,
      28,
      36,
      0,
      21,
      29,
      27,
      14,
      12,
      10
    ],
    "8": [
      28,
      5,
      3,
      9,
      13,
      36,
      4,
      10,
      12,
      15,
      21
    ]
  }
}